% Privileged Time,Handle Count,IO Read Operations/sec,IO Data Operations/sec,IO Write Operations/sec,IO Other Operations/sec,IO Read Bytes/sec,IO Write Bytes/sec,IO Data Bytes/sec,IO Other Bytes/sec,Page Faults/sec,Page File Bytes Peak,Page File Bytes,Pool Paged Bytes,Pool Nonpaged Bytes,Private Bytes,Priority Base,Thread Count,Virtual Bytes Peak,Virtual Bytes,Working Set Peak,Working Set,Working Set - Private
0,246.0,0.0,0.0,0.0,0.0,0.0,0.0,0.0,0.0,0.0,2998272.0,2408448.0,86856.0,12616.0,2408448.0,8.0,7.0,2203400000000.0,2203400000000.0,10526720.0,9334784.0,667648.0
0,246.0,0.0,0.0,0.0,0.0,0.0,0.0,0.0,0.0,0.0,2998272.0,2408448.0,86856.0,12616.0,2408448.0,8.0,7.0,2203400000000.0,2203400000000.0,10526720.0,9334784.0,667648.0
0,246.0,0.0,0.0,0.0,0.0,0.0,0.0,0.0,0.0,0.0,2998272.0,2408448.0,86856.0,12616.0,2408448.0,8.0,7.0,2203400000000.0,2203400000000.0,10526720.0,9334784.0,667648.0
0,246.0,0.0,0.0,0.0,0.0,0.0,0.0,0.0,0.0,0.0,2998272.0,2408448.0,86856.0,12616.0,2408448.0,8.0,7.0,2203400000000.0,2203400000000.0,10526720.0,9334784.0,667648.0
0,246.0,0.0,0.0,0.0,0.0,0.0,0.0,0.0,0.0,0.0,2998272.0,2408448.0,86856.0,12616.0,2408448.0,8.0,7.0,2203400000000.0,2203400000000.0,10526720.0,9334784.0,667648.0
0,246.0,0.0,0.0,0.0,0.0,0.0,0.0,0.0,0.0,0.0,2998272.0,2408448.0,86856.0,12616.0,2408448.0,8.0,7.0,2203400000000.0,2203400000000.0,10526720.0,9334784.0,667648.0
0,246.0,0.0,0.0,0.0,0.0,0.0,0.0,0.0,0.0,0.0,2998272.0,2408448.0,86856.0,12616.0,2408448.0,8.0,7.0,2203400000000.0,2203400000000.0,10526720.0,9334784.0,667648.0
0,246.0,0.0,0.0,0.0,0.0,0.0,0.0,0.0,0.0,0.0,2998272.0,2408448.0,86856.0,12616.0,2408448.0,8.0,7.0,2203400000000.0,2203400000000.0,10526720.0,9334784.0,667648.0
0,246.0,0.0,0.0,0.0,15.72811794,0.0,0.0,0.0,125.5868454,0.0,2998272.0,2408448.0,86856.0,12616.0,2408448.0,8.0,7.0,2203400000000.0,2203400000000.0,10526720.0,9334784.0,667648.0
0,246.0,0.0,0.0,0.0,0.0,0.0,0.0,0.0,0.0,0.0,2998272.0,2408448.0,86856.0,12616.0,2408448.0,8.0,7.0,2203400000000.0,2203400000000.0,10526720.0,9334784.0,667648.0
0,246.0,0.0,0.0,0.0,0.0,0.0,0.0,0.0,0.0,0.0,2998272.0,2408448.0,86856.0,12616.0,2408448.0,8.0,7.0,2203400000000.0,2203400000000.0,10526720.0,9334784.0,667648.0
0,246.0,0.0,0.0,0.0,0.0,0.0,0.0,0.0,0.0,0.0,2998272.0,2408448.0,86856.0,12616.0,2408448.0,8.0,7.0,2203400000000.0,2203400000000.0,10526720.0,9334784.0,667648.0
0,246.0,0.0,0.0,0.0,0.0,0.0,0.0,0.0,0.0,0.0,2998272.0,2408448.0,86856.0,12616.0,2408448.0,8.0,7.0,2203400000000.0,2203400000000.0,10526720.0,9334784.0,667648.0
0,246.0,0.0,0.0,0.0,0.0,0.0,0.0,0.0,0.0,0.0,2998272.0,2408448.0,86856.0,12616.0,2408448.0,8.0,7.0,2203400000000.0,2203400000000.0,10526720.0,9334784.0,667648.0
0,246.0,0.0,0.0,0.0,0.0,0.0,0.0,0.0,0.0,0.0,2998272.0,2408448.0,86856.0,12616.0,2408448.0,8.0,7.0,2203400000000.0,2203400000000.0,10526720.0,9334784.0,667648.0
0,246.0,0.0,0.0,0.0,0.0,0.0,0.0,0.0,0.0,0.0,2998272.0,2408448.0,86856.0,12616.0,2408448.0,8.0,7.0,2203400000000.0,2203400000000.0,10526720.0,9334784.0,667648.0
0,246.0,0.0,0.0,0.0,0.0,0.0,0.0,0.0,0.0,0.0,2998272.0,2408448.0,86856.0,12616.0,2408448.0,8.0,7.0,2203400000000.0,2203400000000.0,10526720.0,9334784.0,667648.0
0,246.0,0.0,0.0,0.0,0.0,0.0,0.0,0.0,0.0,0.0,2998272.0,2408448.0,86856.0,12616.0,2408448.0,8.0,7.0,2203400000000.0,2203400000000.0,10526720.0,9334784.0,667648.0
0,246.0,0.0,0.0,0.0,0.0,0.0,0.0,0.0,0.0,0.0,2998272.0,2408448.0,86856.0,12616.0,2408448.0,8.0,7.0,2203400000000.0,2203400000000.0,10526720.0,9334784.0,667648.0
0,246.0,0.0,0.0,0.0,0.0,0.0,0.0,0.0,0.0,0.0,2998272.0,2408448.0,86856.0,12616.0,2408448.0,8.0,7.0,2203400000000.0,2203400000000.0,10526720.0,9334784.0,667648.0
0,246.0,0.0,0.0,0.0,0.0,0.0,0.0,0.0,0.0,0.0,2998272.0,2408448.0,86856.0,12616.0,2408448.0,8.0,7.0,2203400000000.0,2203400000000.0,10526720.0,9334784.0,667648.0
0,246.0,0.0,0.0,0.0,0.0,0.0,0.0,0.0,0.0,0.0,2998272.0,2408448.0,86856.0,12616.0,2408448.0,8.0,7.0,2203400000000.0,2203400000000.0,10526720.0,9334784.0,667648.0
0,246.0,0.0,0.0,0.0,0.0,0.0,0.0,0.0,0.0,0.0,2998272.0,2408448.0,86856.0,12616.0,2408448.0,8.0,7.0,2203400000000.0,2203400000000.0,10526720.0,9334784.0,667648.0
0,246.0,0.0,0.0,0.0,0.0,0.0,0.0,0.0,0.0,0.0,2998272.0,2408448.0,86856.0,12616.0,2408448.0,8.0,7.0,2203400000000.0,2203400000000.0,10526720.0,9334784.0,667648.0
0,246.0,0.0,0.0,0.0,0.0,0.0,0.0,0.0,0.0,0.0,2998272.0,2408448.0,86856.0,12616.0,2408448.0,8.0,7.0,2203400000000.0,2203400000000.0,10526720.0,9334784.0,667648.0
0,246.0,0.0,0.0,0.0,0.0,0.0,0.0,0.0,0.0,0.0,2998272.0,2408448.0,86856.0,12616.0,2408448.0,8.0,7.0,2203400000000.0,2203400000000.0,10526720.0,9334784.0,667648.0
0,246.0,0.0,0.0,0.0,0.0,0.0,0.0,0.0,0.0,0.0,2998272.0,2408448.0,86856.0,12616.0,2408448.0,8.0,7.0,2203400000000.0,2203400000000.0,10526720.0,9334784.0,667648.0
0,246.0,0.0,0.0,0.0,0.0,0.0,0.0,0.0,0.0,0.0,2998272.0,2408448.0,86856.0,12616.0,2408448.0,8.0,7.0,2203400000000.0,2203400000000.0,10526720.0,9334784.0,667648.0
0,246.0,0.0,0.0,0.0,15.71360683,0.0,0.0,0.0,125.6656876,0.0,2998272.0,2408448.0,86856.0,12616.0,2408448.0,8.0,7.0,2203400000000.0,2203400000000.0,10526720.0,9334784.0,667648.0
0,246.0,0.0,0.0,0.0,0.0,0.0,0.0,0.0,0.0,0.0,2998272.0,2408448.0,86856.0,12616.0,2408448.0,8.0,7.0,2203400000000.0,2203400000000.0,10526720.0,9334784.0,667648.0
0,246.0,0.0,0.0,0.0,0.0,0.0,0.0,0.0,0.0,0.0,2998272.0,2408448.0,86856.0,12616.0,2408448.0,8.0,7.0,2203400000000.0,2203400000000.0,10526720.0,9334784.0,667648.0
0,246.0,0.0,0.0,0.0,0.0,0.0,0.0,0.0,0.0,0.0,2998272.0,2408448.0,86856.0,12616.0,2408448.0,8.0,7.0,2203400000000.0,2203400000000.0,10526720.0,9334784.0,667648.0
0,246.0,0.0,0.0,0.0,0.0,0.0,0.0,0.0,0.0,0.0,2998272.0,2408448.0,86856.0,12616.0,2408448.0,8.0,7.0,2203400000000.0,2203400000000.0,10526720.0,9334784.0,667648.0
0,246.0,0.0,0.0,0.0,7.856266499,0.0,0.0,0.0,62.69451141,0.0,2998272.0,2408448.0,86856.0,12616.0,2408448.0,8.0,7.0,2203400000000.0,2203400000000.0,10526720.0,9334784.0,667648.0
0,246.0,0.0,0.0,0.0,0.0,0.0,0.0,0.0,0.0,0.0,2998272.0,2408448.0,86856.0,12616.0,2408448.0,8.0,7.0,2203400000000.0,2203400000000.0,10526720.0,9334784.0,667648.0
0,246.0,0.0,0.0,0.0,0.0,0.0,0.0,0.0,0.0,0.0,2998272.0,2408448.0,86856.0,12616.0,2408448.0,8.0,7.0,2203400000000.0,2203400000000.0,10526720.0,9334784.0,667648.0
0,246.0,0.0,0.0,0.0,0.0,0.0,0.0,0.0,0.0,0.0,2998272.0,2408448.0,86856.0,12616.0,2408448.0,8.0,7.0,2203400000000.0,2203400000000.0,10526720.0,9334784.0,667648.0
0,246.0,0.0,0.0,0.0,0.0,0.0,0.0,0.0,0.0,0.0,2998272.0,2408448.0,86856.0,12616.0,2408448.0,8.0,7.0,2203400000000.0,2203400000000.0,10526720.0,9334784.0,667648.0
0,246.0,0.0,0.0,0.0,0.0,0.0,0.0,0.0,0.0,0.0,2998272.0,2408448.0,86856.0,12616.0,2408448.0,8.0,7.0,2203400000000.0,2203400000000.0,10526720.0,9334784.0,667648.0
0,246.0,0.0,0.0,0.0,0.0,0.0,0.0,0.0,0.0,0.0,2998272.0,2408448.0,86856.0,12616.0,2408448.0,8.0,7.0,2203400000000.0,2203400000000.0,10526720.0,9334784.0,667648.0
0,246.0,0.0,0.0,0.0,0.0,0.0,0.0,0.0,0.0,0.0,2998272.0,2408448.0,86856.0,12616.0,2408448.0,8.0,7.0,2203400000000.0,2203400000000.0,10526720.0,9334784.0,667648.0
0,246.0,0.0,0.0,0.0,0.0,0.0,0.0,0.0,0.0,0.0,2998272.0,2408448.0,86856.0,12616.0,2408448.0,8.0,7.0,2203400000000.0,2203400000000.0,10526720.0,9334784.0,667648.0
0,246.0,0.0,0.0,0.0,0.0,0.0,0.0,0.0,0.0,0.0,2998272.0,2408448.0,86856.0,12616.0,2408448.0,8.0,7.0,2203400000000.0,2203400000000.0,10526720.0,9334784.0,667648.0
0,246.0,0.0,0.0,0.0,0.0,0.0,0.0,0.0,0.0,0.0,2998272.0,2408448.0,86856.0,12616.0,2408448.0,8.0,7.0,2203400000000.0,2203400000000.0,10526720.0,9334784.0,667648.0
0,246.0,0.0,0.0,0.0,0.0,0.0,0.0,0.0,0.0,0.0,2998272.0,2408448.0,86856.0,12616.0,2408448.0,8.0,7.0,2203400000000.0,2203400000000.0,10526720.0,9334784.0,667648.0
0,246.0,0.0,0.0,0.0,0.0,0.0,0.0,0.0,0.0,0.0,2998272.0,2408448.0,86856.0,12616.0,2408448.0,8.0,7.0,2203400000000.0,2203400000000.0,10526720.0,9334784.0,667648.0
0,246.0,0.0,0.0,0.0,0.0,0.0,0.0,0.0,0.0,0.0,2998272.0,2408448.0,86856.0,12616.0,2408448.0,8.0,7.0,2203400000000.0,2203400000000.0,10526720.0,9334784.0,667648.0
0,246.0,0.0,0.0,0.0,15.74017334,0.0,0.0,0.0,125.6585999,0.0,2998272.0,2408448.0,86856.0,12616.0,2408448.0,8.0,7.0,2203400000000.0,2203400000000.0,10526720.0,9334784.0,667648.0
0,246.0,0.0,0.0,0.0,0.0,0.0,0.0,0.0,0.0,0.0,2998272.0,2408448.0,86856.0,12616.0,2408448.0,8.0,7.0,2203400000000.0,2203400000000.0,10526720.0,9334784.0,667648.0
0,246.0,0.0,0.0,0.0,0.0,0.0,0.0,0.0,0.0,0.0,2998272.0,2408448.0,86856.0,12616.0,2408448.0,8.0,7.0,2203400000000.0,2203400000000.0,10526720.0,9334784.0,667648.0
0,246.0,0.0,0.0,0.0,0.0,0.0,0.0,0.0,0.0,0.0,2998272.0,2408448.0,86856.0,12616.0,2408448.0,8.0,7.0,2203400000000.0,2203400000000.0,10526720.0,9334784.0,667648.0
0,246.0,0.0,0.0,0.0,0.0,0.0,0.0,0.0,0.0,0.0,2998272.0,2408448.0,86856.0,12616.0,2408448.0,8.0,7.0,2203400000000.0,2203400000000.0,10526720.0,9334784.0,667648.0
0,246.0,0.0,0.0,0.0,0.0,0.0,0.0,0.0,0.0,0.0,2998272.0,2408448.0,86856.0,12616.0,2408448.0,8.0,7.0,2203400000000.0,2203400000000.0,10526720.0,9334784.0,667648.0
0,246.0,0.0,0.0,0.0,0.0,0.0,0.0,0.0,0.0,0.0,2998272.0,2408448.0,86856.0,12616.0,2408448.0,8.0,7.0,2203400000000.0,2203400000000.0,10526720.0,9334784.0,667648.0
0,246.0,0.0,0.0,0.0,0.0,0.0,0.0,0.0,0.0,0.0,2998272.0,2408448.0,86856.0,12616.0,2408448.0,8.0,7.0,2203400000000.0,2203400000000.0,10526720.0,9334784.0,667648.0
0,246.0,0.0,0.0,0.0,0.0,0.0,0.0,0.0,0.0,0.0,2998272.0,2408448.0,86856.0,12616.0,2408448.0,8.0,7.0,2203400000000.0,2203400000000.0,10526720.0,9334784.0,667648.0
0,246.0,0.0,0.0,0.0,0.0,0.0,0.0,0.0,0.0,0.0,2998272.0,2408448.0,86856.0,12616.0,2408448.0,8.0,7.0,2203400000000.0,2203400000000.0,10526720.0,9334784.0,667648.0
0,246.0,0.0,0.0,0.0,0.0,0.0,0.0,0.0,0.0,0.0,2998272.0,2408448.0,86856.0,12616.0,2408448.0,8.0,7.0,2203400000000.0,2203400000000.0,10526720.0,9334784.0,667648.0
0,246.0,0.0,0.0,0.0,0.0,0.0,0.0,0.0,0.0,0.0,2998272.0,2408448.0,86856.0,12616.0,2408448.0,8.0,7.0,2203400000000.0,2203400000000.0,10526720.0,9334784.0,667648.0
0,246.0,0.0,0.0,0.0,0.0,0.0,0.0,0.0,0.0,0.0,2998272.0,2408448.0,86856.0,12616.0,2408448.0,8.0,7.0,2203400000000.0,2203400000000.0,10526720.0,9334784.0,667648.0
